,count,mean,std,min,50%,90%,99%,max
url_length,757375.0,49.259096220498435,44.43818773118091,2.0,36.0,91.0,222.0,6097.0
host_length,757375.0,18.538247235517414,11.5360009782746,2.0,16.0,27.0,54.0,248.0
path_length,757375.0,21.749909886119823,30.087254113791865,0.0,13.0,59.0,116.0,4248.0
query_length,757375.0,5.807809869615448,28.792393684047497,0.0,0.0,9.0,133.0,3391.0
dot_count,757375.0,2.1053678824888595,1.3905365963187102,0.0,2.0,3.0,8.0,99.0
hyphen_count,757375.0,1.2061198217527644,2.763941127244342,0.0,0.0,4.0,13.0,286.0
at_count,757375.0,0.00408384221818782,0.07448895459501051,0.0,0.0,0.0,0.0,10.0
percent_count,757375.0,0.3191048027727348,3.776262299448271,0.0,0.0,0.0,6.0,231.0
digit_count,757375.0,4.209806238653243,12.341238066859615,0.0,0.0,10.0,55.0,2011.0
digit_ratio,757375.0,0.05522440514208473,0.08914110975254871,0.0,0.0,0.1764705882352941,0.392156862745098,0.8
special_char_ratio,757375.0,0.15929821035494138,0.047305207713207426,0.0,0.1555555555555555,0.2222222222222222,0.28,0.5714285714285714
subdomain_count,757375.0,0.7186347582109259,1.0346468159617865,0.0,1.0,1.0,4.0,33.0
path_depth,757375.0,1.5470169995048688,1.6937684168989218,0.0,1.0,4.0,7.0,38.0
query_param_count,757375.0,0.21618881003465917,0.8498876803622556,0.0,0.0,1.0,4.0,51.0
has_ip_host,757375.0,0.001271496946690873,0.03563540260603048,0.0,0.0,0.0,0.0,1.0
has_https_scheme,757375.0,0.2543522033338835,0.4354967398353561,0.0,0.0,1.0,1.0,1.0
has_port,757375.0,0.00032876712328767124,0.018128967687428086,0.0,0.0,0.0,0.0,1.0
has_punycode,757375.0,0.00036837762006931835,0.01918964314955255,0.0,0.0,0.0,0.0,1.0
has_login_keyword,757375.0,0.029359300214556856,0.16881163861525342,0.0,0.0,0.0,1.0,1.0
has_verify_keyword,757375.0,0.0019145073444462783,0.043713207718694226,0.0,0.0,0.0,0.0,1.0
url_entropy,757375.0,4.107335790082395,0.4008709540796618,1.0,4.077212078381127,4.610381819803805,5.121919353155395,6.01172079805034
